slug,tool_a,tool_b,winner,price_a,price_b,score_a,score_b,feature_a,feature_b,link
mangools-vs-semrush,Mangools,Semrush,Mangools,29,129,4.8,4.5,Best for Beginners,Enterprise SEO,https://mangools.com#a6944b0716aee08b68b6302a9
mangools-vs-ahrefs,Mangools,Ahrefs,Mangools,29,99,4.7,4.6,Great UI,Backlink Data,https://mangools.com#a6944b0716aee08b68b6302a9
mangools-vs-moz,Mangools,Moz,Mangools,29,179,4.6,4.2,Cost Effective,Domain Authority,https://mangools.com#a6944b0716aee08b68b6302a9
mangools-vs-ahrefs,Mangools,Ahrefs,Mangools,29,99,4.7,4.8,Best Value for Money,Largest Backlink Index,https://mangools.com#a6944b0716aee08b68b6302a9
mangools-vs-semrush,Mangools,Semrush,Mangools,29,129,4.8,4.5,Best for Beginners,Enterprise SEO Suite (Checked 01/08),https://mangools.com#a6944b0716aee08b68b6302a9
mangools-vs-moz-pro,Mangools,Moz Pro,Mangools,49,99,4.6,4.2,Intuitive Rank Tracker,Authoritative Domain Metrics (Checked 01/08),https://mangools.com#a6944b0716aee08b68b6302a9
mangools-vs-spyfu,Mangools,SpyFu,Mangools,29,39,4.5,4.2,Better UX & Usability,Competitor PPC Data,https://mangools.com#a6944b0716aee08b68b6302a9
mangools-vs-majestic,Mangools,Majestic,Mangools,49,49,4.4,4.6,All-in-One SEO Toolkit,Premium Link Intelligence,https://mangools.com#a6944b0716aee08b68b6302a9
mangools-vs-serpstat,Mangools,SERPstat,Mangools,29,69,4.5,4.1,Easier Core Feature Access,Massive Keyword Database,https://mangools.com#a6944b0716aee08b68b6302a9
mangools-vs-ubersuggest,Mangools,Ubersuggest,Mangools,49,29,4.3,4,Deeper Keyword Analysis,Generous Free Plan,https://mangools.com#a6944b0716aee08b68b6302a9
mangools-vs-seo-power-suite,Mangools,SEO Power Suite,Mangools,29,299,4.6,3.2,Cloud-Based & Convenient,Comprehensive Desktop Software (Checked 01/08),https://mangools.com#a6944b0716aee08b68b6302a9
mangools-vs-kwfinder,Mangools,KWFinder,Mangools,29,49,4.7,4.6,More Tools in One Suite,Long-Tail Keyword Research,https://mangools.com#a6944b0716aee08b68b6302a9
mangools-vs-se-ranking,Mangools,SE Ranking,Mangools,49,55,4.4,4.2,Cleaner User Interface,White-Label Reporting,https://mangools.com#a6944b0716aee08b68b6302a9
mangools-vs-google-search-console,Mangools,Google Search Console,Mangools,29,0,4.5,4.7,Deep Competitor Analysis,Official Free Data (Checked 01/08),https://mangools.com#a6944b0716aee08b68b6302a9
mangools-vs-surferseo,Mangools,Surfer SEO,Mangools,49,59,4.3,4.5,End-to-End SEO Workflow,Top-Notch Content Editor,https://mangools.com#a6944b0716aee08b68b6302a9
mangools-vs-wincher,Mangools,Wincher,Mangools,49,59,4.6,4.1,Better Value Rank Tracking,Visual Rank Fluctuation Charts,https://mangools.com#a6944b0716aee08b68b6302a9
mangools-vs-keysearch,Mangools,Keysearch,Mangools,29,17,4.4,4,More Accurate & Reliable Data,Very Low Cost,https://mangools.com#a6944b0716aee08b68b6302a9
mangools-vs-seo-survey,Mangools,SEO Survey,Mangools,49,0,4.5,3.8,Professional SERP Analysis Tool,Completely Free,https://mangools.com#a6944b0716aee08b68b6302a9
mangools-vs-longtailpro,Mangools,LongTailPro,Mangools,29,37,4.5,4.2,Integrated SEO Solution,Focus on Keyword Scout,https://mangools.com#a6944b0716aee08b68b6302a9
mangools-vs-seoclarity,Mangools,SEOClarity,Mangools,49,399,4.3,4.0,Ideal for SMBs,Enterprise SEO Platform (Checked 01/08),https://mangools.com#a6944b0716aee08b68b6302a9
mangools-vs-ranktracker,Mangools,Rank Tracker,Mangools,29,179,4.6,4.0,Fast Setup & Learning Curve,Rich Historical Rank Data (Checked 01/08),https://mangools.com#a6944b0716aee08b68b6302a9
mangools-vs-seoptimer,Mangools,SEOptimer,Mangools,49,0,4.4,3.9,Comprehensive Site Audit,Free Website Analysis,https://mangools.com#a6944b0716aee08b68b6302a9
mangools-vs-nightwatch,Mangools,Nightwatch,Mangools,29,49,4.5,4.3,Better Entry-Level Plan,Automated Rank Monitoring,https://mangools.com#a6944b0716aee08b68b6302a9
mangools-vs-serpbook,Mangools,SerpBook,Mangools,49,19,85,65,Keyword Research & Rank Tracking,Basic Rank Tracking,https://mangools.com#a6944b0716aee08b68b6302a9
mangools-vs-seo-toolbar,Mangools,SEO Toolbar,Mangools,49,0,82,40,Full SEO Suite,Browser Extension Only,https://mangools.com#a6944b0716aee08b68b6302a9
mangools-vs-seo-monitor,Mangools,SEO Monitor,Mangools,49,99,88,70,Affordable All-in-One,Enterprise Reporting,https://mangools.com#a6944b0716aee08b68b6302a9
mangools-vs-seo-review-tools,Mangools,SEO Review Tools,Mangools,49,47,86,72,Integrated Workflow,Standalone Audits,https://mangools.com#a6944b0716aee08b68b6302a9
mangools-vs-seoquake,Mangools,SEOx,Mangools,49,0,84,4.3,Comprehensive Data,Basic SERP Metrics (Checked 01/08),https://mangools.com#a6944b0716aee08b68b6302a9
