Tool_Name,Price,Features,Pros,Cons,Verdict,Affiliate_Link
Mangools,$49.90,Keyword Research;SERP Watcher;Link Miner,Great UI;Cheaper;All-in-one,Limited Backlink Data,Best for Freelancers,https://mangools.com#tracker
Ahrefs,$99,Site Audit;Rank Tracker;Content Explorer,Massive Data;Industry Standard,Expensive;Credit Limits,Best for Pros,https://ahrefs.com
SEMrush,$129.95,SEO;PPC;Content;Social Media,Huge Feature Set;Reporting,Steep Learning Curve;Pricey,Best for Agencies,https://semrush.com
Ubersuggest,$29,Keyword Ideas;Site Audit,Very Cheap;Easy to use,Data often inaccurate,Best for Beginners,https://neilpatel.com/ubersuggest
Moz Pro,$99,Link Explorer;Keyword Explorer,Metric Authority (DA/PA),Outdated UI;Slow updates,Good for metrics,https://moz.com
Clearscope,$170/mo,AI-powered content optimization; Real-time SEO scoring; Competitor content analysis,Exceptional for creating content that ranks quickly.,Steep learning curve for beginners.,Best for content teams and SEO specialists.,https://www.clearscope.io,"Clearscope stands out by using AI to analyze top-ranking content for any keyword, providing specific recommendations to optimize your own content. It goes beyond basic keyword density, suggesting related terms, content structure, and readability improvements. This tool matters because it transforms content creation from guesswork into a data-driven process, significantly increasing the chances of first-page Google rankings. It's particularly valuable for businesses investing heavily in content marketing who need measurable ROI from their efforts."
Frase,$14.99/mo,AI content brief generation; Automated content research; Answer engine optimization,Drastically cuts content research time in half.,AI writing output requires heavy editing.,Best for bloggers and small content teams.,https://www.frase.io,"Frase revolutionizes the initial, most time-consuming phase of content creation: research. By automatically generating comprehensive content briefs from SERP analysis, it provides outlines, questions to answer, and competitor insights. This tool matters because it allows creators to focus on writing quality content rather than spending hours gathering data. Its AI-assisted writing helps draft sections, but its core value lies in research automation, making it essential for anyone producing content at scale who wants to ensure thoroughness and relevance from the start."
MarketMuse,$149/mo,Topic modeling and clustering; Content gap identification; AI-driven content planning,"Unmatched for strategic, topic-based content planning.",Expensive for individual users or small projects.,Best for enterprise content strategy and SEO agencies.,https://www.marketmuse.com,"MarketMuse uses advanced AI to map entire topic ecosystems, helping businesses build authoritative content strategies that dominate niches. Unlike tools focusing on single keywords, it analyzes content depth and breadth across topics, identifying gaps and opportunities. This tool matters because it shifts SEO from keyword chasing to topic authority, which aligns with Google's E-E-A-T guidelines. For enterprises, it provides a scalable framework to plan, prioritize, and measure content impact, ensuring every piece contributes to overall domain strength and user value."
Jarvis (now Jasper),$39/mo,Long-form AI content generation; 50+ content templates; SEO mode integration,Incredibly versatile for generating diverse marketing copy.,Requires fact-checking as AI can hallucinate details.,Best for marketers and entrepreneurs needing quick copy.,https://www.jasper.ai,"Jasper (formerly Jarvis) is a leading AI writing assistant that excels at producing human-like marketing copy, blog posts, and ads quickly. It matters because it democratizes content creation, allowing small teams or solo entrepreneurs to produce professional-level copy without extensive writing resources. While not a pure SEO tool, its SEO mode and integrations help optimize output. Its value lies in speed and versatility, enabling rapid prototyping of ideas, A/B testing copy variants, and overcoming writer's block, though human oversight remains crucial for accuracy and brand voice."
Surfer SEO,$59/mo,On-page SEO analysis with content editor; SERP analyzer; NLP term recommendations,Data-driven approach to on-page optimization that delivers results.,Can lead to over-optimization if used without discretion.,Best for SEO-focused content creators and agencies.,https://www.surferseo.com,"Surfer SEO provides a unique, data-intensive approach to on-page optimization by analyzing top-ranking pages for any keyword and giving precise recommendations for word count, headings, and keyword usage. It matters because it removes subjectivity from SEO, offering a clear checklist to follow for optimal page structure. The integrated content editor allows real-time optimization as you write. This tool is particularly impactful for competitive niches where small on-page adjustments can significantly improve rankings, making it a favorite among data-driven marketers who value actionable insights over generic advice."