Tool_Name,Price,Monthly_Visits
Mangools,29.90,500000
Semrush,129.95,10000000
Ahrefs,99.00,8000000
Moz Pro,99.00,3000000
Ubersuggest,29.00,2000000
SpyFu,39.00,150000
SE Ranking,49.00,400000
Majestic,49.99,300000
Serpstat,69.00,250000
BrightLocal,29.00,100000
Screaming Frog,259.00,1200000
Surfer SEO,89.00,600000
Jasper AI,39.00,3000000
Copy.ai,36.00,2000000
Writesonic,19.00,1500000
Frase,14.99,300000
MarketMuse,149.00,50000
Clearscope,170.00,40000
BuzzSumo,119.00,800000
AnswerThePublic,9.00,1500000
KeywordTool.io,69.00,2000000
LongTailPro,37.00,100000
KWFinder,29.90,400000
Raven Tools,39.00,80000
CognitiveSEO,129.99,60000
Sitebulb,13.50,50000
DeepCrawl,89.00,40000
Botify,500.00,30000
OnCrawl,49.00,20000
RankMath,59.00,2500000
Yoast SEO,99.00,5000000
All in One SEO,49.50,2000000
SEOPress,49.00,100000
The HOTH,0.00,400000
FatRank,0.00,30000
Keywords Everywhere,10.00,900000
Nightwatch,39.00,20000
AccuRanker,116.00,30000
ProRankTracker,13.50,15000
Wincher,29.00,10000
AuthorityLabs,49.00,5000
Advanced Web Ranking,49.00,10000
WooRank,79.99,200000
Seobility,50.00,150000
SEOquake,0.00,400000
ClickFlow,100.00,10000
CanIRank,49.00,20000
WordLift,59.00,15000
Schema App,30.00,10000
RankRocket,29.99,120000
ContentForge,79.00,85000
LinkPulse,149.50,42000
SaaSOptimizer,199.00,31000
TrafficTectonic,0.00,185000
RankRocket,79.00,12000
ContentCortex AI,199.00,8500
LinkFlow Pro,149.00,6200
SERP Sentinel,29.00,21500
RevOps Automate,349.00,3800
RankPulse,29.99,12000
FunnelSync AI,79.50,8500
SchemaCraft Pro,149.00,3200
VoiceSearch Optimizer,45.00,18700
ComplianceGuard SaaS,199.00,4100